trackId,name,popularity,artistName
1cAMXz9mnvrqyQLSG4KeeE,Sirens,61,Pearl Jam
2g25vi83iObKS4sAhflNH3,Belerofón,51,Taburete
2ZICF8SFI5tHttaLJKMY1X,False Pretense,61,The Red Jumpsuit Apparatus
671sG3ETDxC3L6qcGIrHRM,A Dónde Vamos,68,Morat
75rAjnPV6h0RgSORx2dUPi,Injection,51,Rise Against
7jDe24vXWUNX8Jl2hZHrIS,High Hopes,0,Kodaline
17Efhyf4A96n0EFXKeB7Ya,Crashing (feat. Bahari),54,ILLENIUM
7piw04hPQZ1OHZ9Fq9JOXR,Time of Dying,62,Three Days Grace
3OeYgrFYUOSyA3XOWBCaLS,Nunca Te Olvidé,62,Morat
2sqfLwGKXDw1nGjFhH3GGX,Got It In You,47,BANNERS
7j2Bmzpnf6RwEWEQ2sv8Ho,House of Wolves,59,My Chemical Romance
59TLlOD6sH4cCTSF6ITRkA,Breath,51,Breaking Benjamin
4wzjNqjKAKDU82e8uMhzmr,Face Down,73,The Red Jumpsuit Apparatus
23dwrzeJtEEGl2U4CPWSor,"Runnin (with A$AP Rocky, A$AP Ferg & Nicki Minaj)",62,Mike WiLL Made-It
5uALDiBIe9EzvRBpJyf5Ce,Pingüinos en la Cama,65,Ricardo Arjona
2UKARCqDrhkYDoVR4FN5Wi,Plug in Baby,63,Muse
1zqAXXA12UEVS7iDmAVeay,Screaming Bloody Murder,50,Sum 41
0snQkGI5qnAmohLE7jTsTn,Toxicity,77,System Of A Down
4DWAQLUA3lF3Ozcqni5UY9,Falling (Whethan Redo),50,Opia
7BVwi9cIzSc6tpyxsp47vJ,Mess Is Mine,62,Vance Joy
4BNqM0h2wukiQkAUKZjurV,Una Foto en Blanco y Negro,56,David Otero
2G74yhtIMW8tJY5I83dS4Z,Amor del Bueno,71,Reyli Barba
5ngcqrs4Xq915GUqNtNNr5,Young Blood,59,Noah Kahan
1QRhYvwGvbIblzMg7fvhAr,My Father's Son,40,Joe Cocker
2rh74erKixxVL5jybdahEd,Busyhead,43,Noah Kahan
3yPFKrHEnIuVIUOaLgpwbB,Beauty on the Breeze,32,Seafret
1kSSWsWZuCcrlgVpb5yKYn,Warrior Part 2,58,Lloyd Banks
0iASz3FoYYtX1SL1iQra8r,Aunque Tu No Lo Sepas,56,El Canto Del Loco
7p3eluZv7dxIArpFUTBkia,All At Once,54,Jack Johnson
1gofFAslBqWqeZ1F73GaJe,Misery,49,blink-182
